{"train_runtime": 77.5593, "train_samples_per_second": 0.774, "train_steps_per_second": 0.193, "total_flos": 298718720778240.0, "train_loss": 3.845705286661784, "train/epoch": 1.5, "train/global_step": 15, "_timestamp": 1713108616.1831083, "_runtime": 792.6133532524109, "_step": 4, "train/loss": 3.9074, "train/grad_norm": 68349.53125, "train/learning_rate": 3.3333333333333335e-05}